a;"2023-10-17 01:54:59";asd
a;"2023-10-17 01:56:40";asd
a;"2023-10-17 01:56:43";sasa
a;"2023-10-17 01:57:47";sdzxczxc
a;"2023-10-17 01:58:45";asd
a;"2023-10-17 02:58:23";cosas
a;"2023-10-17 03:23:46";asdas
a;"2023-10-17 10:39:16";cosasddd
talos;"2023-10-17 10:47:40";cosa
talos;"2023-10-17 10:48:37";mm
talos;"2023-10-17 10:57:45";h
alex;"2023-10-17 10:59:09";hola
a;"2023-10-17 11:53:41";"Buenos d√≠as"
xx;"2023-10-17 11:55:19";"Hola soy x"
pep;"2023-10-17 11:57:26";Hello?
pep;"2023-10-17 11:58:08";???
alex;"2023-10-17 11:58:46";Hola
a;"2023-10-17 12:17:35";s
a;"2023-10-17 12:18:53";wd
a;"2023-10-17 12:21:09";s
a;"2023-10-17 12:22:50";k
a;"2023-10-17 12:23:14";k
a;"2023-10-17 12:23:38";,kk
